vendor,domain,asn,asn_link,shodan_template,abuse_template,note,source
1984 Hosting,1984.hosting,AS44925,https://bgp.tools/asn/44925,https://shodan.io/search?query=asn:AS44925,https://www.abuseipdb.com/check/<IP>,Iceland free-speech/privacy host; BTC/XMR documented; own ASN AS44925.,1984.hosting official site
Aeza Group,aeza.* (various),AS210644,https://bgp.tools/asn/210644,https://shodan.io/search?query=aeza,https://www.abuseipdb.com/check/<IP>,Subject of sanctions/news (handle with legal caution).,news - sanctions
AlexHost,alexhost.com,AS200019,https://bgp.tools/asn/200019,https://shodan.io/search?query=asn:AS200019,https://www.abuseipdb.com/check/<IP>,Moldova offshore; no-KYC crypto payment documented; own ASNs AS200019/AS207636.,alexhost.com official site
bitcoinvps.cloud,bitcoinvps.cloud,,https://bgp.he.net/search?search%5Bsearch%5D=bitcoinvps&commit=Search,https://shodan.io/search?query=bitcoinvps.cloud,https://www.abuseipdb.com/check/<IP>,Collected from public lists; requires DNS->IP->ASN resolution. (Reseller/no own ASN),aggregator lists
bitcoinvps.site,bitcoinvps.site,,https://bgp.he.net/search?search%5Bsearch%5D=bitcoinvps&commit=Search,https://shodan.io/search?query=bitcoinvps.site,https://www.abuseipdb.com/check/<IP>,Collected from public lists; requires DNS->IP->ASN resolution. (Reseller/no own ASN),aggregator lists
BitLaunch,bitlaunch.io,AS399629,https://bgp.tools/asn/399629,https://shodan.io/search?query=bitlaunch.io,https://www.abuseipdb.com/check/<IP>,Crypto payment gateway for DO/Vultr/Linode (reseller model). Seoul VPS advertised; no provider-wide country tag.,bitlaunch.io / bitcoin-vps lists
Black.host,black.host,AS12989,https://bgp.tools/asn/12989,https://shodan.io/search?query=black.host,https://www.abuseipdb.com/check/<IP>,Privacy-oriented host; crypto payment documented.,black.host official site
btc-vps.com,btc-vps.com,,https://bgp.he.net/search?search%5Bsearch%5D=btc-vps&commit=Search,https://shodan.io/search?query=btc-vps.com,https://www.abuseipdb.com/check/<IP>,Collected from public lists; requires DNS->IP->ASN resolution. (Reseller/no own ASN),aggregator lists
CherryServers,cherryservers.com,AS16125,https://bgp.tools/asn/16125,https://shodan.io/search?query=cherryservers.com,https://www.abuseipdb.com/check/<IP>,Bare-metal/VPS provider; crypto payment documented in billing docs.,cherryservers.com billing
Cloudzy,cloudzy.com,,https://bgp.tools/search?q=cloudzy,https://shodan.io/search?query=cloudzy.com,https://www.abuseipdb.com/check/<IP>,"Crypto-friendly offerings in lists. 자체 ASN 없음 — Path Network(AS396998) 재판매로 추정, ASN 기반 탐지 불가.",navicosoft / coin-host articles
COIN.HOST,coin.host,,https://bgp.he.net/search?search%5Bsearch%5D=coin.host&commit=Search,https://shodan.io/search?query=coin.host,https://www.abuseipdb.com/check/<IP>,Operator Solar Communications GmbH. Crypto payment documented officially. No confirmed ASN — not AS212238.,coin.host official site
Datacamp Limited,datacamp.co.uk,AS212238,https://bgp.tools/asn/212238,https://shodan.io/search?query=asn:AS212238,https://www.abuseipdb.com/check/<IP>,Owns AS212238 (registry/BGP). KR/Seoul CDNEXT allocations tracked as location context; not linked to the coin-host record.,RIPE/BGP registry + UK company record
eldernode.com,eldernode.com,,https://bgp.he.net/search?search%5Bsearch%5D=eldernode&commit=Search,https://shodan.io/search?query=eldernode.com,https://www.abuseipdb.com/check/<IP>,Collected from public lists; requires DNS->IP->ASN resolution. (Reseller/no own ASN),aggregator lists
EstNOC OU,estnoc.com,AS206804,https://bgp.tools/asn/206804,https://shodan.io/search?query=asn:AS206804,https://www.abuseipdb.com/check/<IP>,KR-localized EstNOC allocation with RIPE legal-concern remark; verify per-/24 before action.,RIPE whois + public abuse aggregators
Evoxt,evoxt.com,,https://bgp.he.net/search?search%5Bsearch%5D=evoxt&commit=Search,https://shodan.io/search?query=evoxt.com,https://www.abuseipdb.com/check/<IP>,Crypto payment + Seoul/KINX region advertised. No confirmed own ASN — provider record only.,evoxt.com official site
FlokiNET,flokinet.is,AS200651,https://bgp.he.net/AS200651,https://shodan.io/search?query=org:%22FlokiNET%22,https://www.abuseipdb.com/check/<IP>,Privacy-focused in Iceland and elsewhere.,bitcoin-vps / privacy host lists
GhostVPS,ghostvps.com,,https://bgp.tools/asn/205759,https://shodan.io/search?query=ghostvps.com,https://www.abuseipdb.com/check/<IP>,Official VPS service with BTC/ETH/USDT payments. Seoul VPS advertised; no provider-wide country tag.,official site
Hostinger,hostinger.com (via CoinGate),AS47583,https://bgp.tools/asn/47583,https://shodan.io/search?query=hostinger.com (via CoinGate),https://www.abuseipdb.com/check/<IP>,Collected from public lists; requires DNS->IP->ASN resolution.,aggregator lists
HostSailor,hostsailor.com,AS60117,https://bgp.tools/asn/60117,https://shodan.io/search?query=hostsailor.com,https://www.abuseipdb.com/check/<IP>,Known crypto payment option historically.,hostadvice / coin articles
hoststage.com,hoststage.com,,https://bgp.he.net/search?search%5Bsearch%5D=hoststage&commit=Search,https://shodan.io/search?query=hoststage.com,https://www.abuseipdb.com/check/<IP>,Collected from public lists; requires DNS->IP->ASN resolution. (Reseller/no own ASN),aggregator lists
Hostwinds,hostwinds.com,AS54290,https://bgp.tools/asn/54290,https://shodan.io/search?query=hostwinds.com,https://www.abuseipdb.com/check/<IP>,Crypto payment accepted. C2 IP 142.11.206.73 used in Axios npm supply-chain attack (Mar 2026).,aggregator lists
Impreza.host,impreza.host,,https://bgp.he.net/search?search%5Bsearch%5D=Impreza.host&commit=Search,https://shodan.io/search?query=impreza.host,https://www.abuseipdb.com/check/<IP>,Privacy/anonymous host; crypto payment documented. (Reseller/no own ASN),impreza.host official site
IncogNET,incognet.io,AS40663,https://bgp.tools/asn/40663,https://shodan.io/search?query=asn:AS40663,https://www.abuseipdb.com/check/<IP>,No-KYC privacy host; BTC/XMR/LTC documented; own ASN AS40663.,incognet.io official site
Inovare-Prim SRL,darkvps.pro,AS60602,https://bgp.tools/asn/60602,https://shodan.io/search?query=darkvps.pro,https://www.abuseipdb.com/check/<IP>,Collected from public lists; requires DNS->IP->ASN resolution.,aggregator lists
M247,m247.com,AS9009,https://bgp.tools/asn/9009,https://shodan.io/search?query=asn:AS9009,https://www.abuseipdb.com/check/<IP>,Single ASN spans KR/JP/TW-localized hosting/VPN blocks; verify per-/24 before action.,RIPE whois + public abuse aggregators
MonoVM,monovm.com,AS51430,https://bgp.tools/asn/51430,https://shodan.io/search?query=monovm.com,https://www.abuseipdb.com/check/<IP>,"Lithuania-based, crypto payments noted in lists.",vps-crypto / coinhost articles
MVPS,mvps.net,AS202448,https://bgp.tools/asn/202448,https://shodan.io/search?query=mvps.net,https://www.abuseipdb.com/check/<IP>,Collected from public lists; requires DNS->IP->ASN resolution.,aggregator lists
Neterra Ltd.,vpsbg.eu,AS34224,https://bgp.tools/asn/34224,https://shodan.io/search?query=vpsbg.eu,https://www.abuseipdb.com/check/<IP>,Collected from public lists; requires DNS->IP->ASN resolution.,aggregator lists
NiceVPS,nicevps.net,AS49447,https://bgp.he.net/search?search%5Bsearch%5D=nicevps&commit=Search,https://shodan.io/search?query=nicevps.net,https://www.abuseipdb.com/check/<IP>,Offshore no-KYC (Dominica); BTC/XMR/Dash/Zcash documented. No confirmed own ASN in sapics.,nicevps.net official site
Njalla,njal.la,AS39287,https://bgp.tools/asn/39287,https://shodan.io/search?query=njal.la,https://www.abuseipdb.com/check/<IP>,Privacy-focused domain/VPS host; crypto payment documented.,njal.la official site
OrangeWebsite,orangewebsite.com,,https://bgp.he.net/search?search%5Bsearch%5D=IceNetworks&commit=Search,https://shodan.io/search?query=orangewebsite.com,https://www.abuseipdb.com/check/<IP>,Iceland anonymous hosting (IceNetworks Ltd); BTC/LTC documented. No confirmed own ASN in sapics.,orangewebsite.com official site
prv.to,prv.to,,https://bgp.he.net/search?search%5Bsearch%5D=prv&commit=Search,https://shodan.io/search?query=prv.to,https://www.abuseipdb.com/check/<IP>,Collected from public lists; requires DNS->IP->ASN resolution. (Reseller/no own ASN),aggregator lists
QloudHost,qloudhost.com,,https://bgp.tools/search?q=qloudhost,https://shodan.io/search?query=qloudhost.com,https://www.abuseipdb.com/check/<IP>,"Listed among crypto VPS guides. 자체 ASN 없음 — Vultr(AS20473) 재판매로 추정, ASN 기반 탐지 불가.",hosting lists
Shinjiru,shinjiru.com.my,AS45839,https://bgp.he.net/AS45839,https://shodan.io/search?query=hostname:shinjiru.com.my,https://www.abuseipdb.com/check/<IP>,Offshore / privacy-focused hosting; crypto payment documented.,shinjiru.com.my official site
Snel.com,snel.com,AS62370,https://bgp.tools/asn/62370,https://shodan.io/search?query=snel.com,https://www.abuseipdb.com/check/<IP>,Collected from public lists; requires DNS->IP->ASN resolution.,aggregator lists
SporeStack,sporestack.com,,https://bgp.he.net/search?search%5Bsearch%5D=sporestack&commit=Search,https://shodan.io/search?query=sporestack.com,https://www.abuseipdb.com/check/<IP>,No-account/no-email anonymous VPS reseller; XMR/BTC/BCH documented. Reseller — no own ASN.,sporestack.com official site
theonionhost.com,theonionhost.com,,https://bgp.he.net/search?search%5Bsearch%5D=theonionhost&commit=Search,https://shodan.io/search?query=theonionhost.com,https://www.abuseipdb.com/check/<IP>,Collected from public lists; requires DNS->IP->ASN resolution. (Reseller/no own ASN),aggregator lists
Ultahost,ultahost.com,AS214036,https://bgp.he.net/AS214036,https://shodan.io/search?query=org:%22Ultahost%22,https://www.abuseipdb.com/check/<IP>,Crypto-friendly host listed in many guides.,Best Info Lab / lists
VikHost,vikhost.com,,https://bgp.he.net/search?search%5Bsearch%5D=VikHost&commit=Search,https://shodan.io/search?query=vikhost.com,https://www.abuseipdb.com/check/<IP>,Mentioned in bitcoin VPS roundups. (Reseller/no own ASN),techlazy / btc-vps
vps-crypto.site,vps-crypto.site,,https://bgp.he.net/search?search%5Bsearch%5D=vps-crypto&commit=Search,https://shodan.io/search?query=vps-crypto.site,https://www.abuseipdb.com/check/<IP>,Collected from public lists; requires DNS->IP->ASN resolution. (Reseller/no own ASN),aggregator lists
VPSServer,vpsserver.com,,https://bgp.he.net/search?search%5Bsearch%5D=VPSServer&commit=Search,https://shodan.io/search?query=vpsserver.com,https://www.abuseipdb.com/check/<IP>,Appears on multiple 'pay with crypto' lists. (Reseller/no own ASN),bitcoin-vps / lists
VSYS,vsys.host,AS30860,https://bgp.tools/asn/30860,https://shodan.io/search?query=vsys.host,https://www.abuseipdb.com/check/<IP>,Anonymous VPS; crypto payment documented.,vsys.host official site
